state,avg_1_quant
PA,507.86026380873864
CT,491.8033439490446
NJ,503.8578821656051
NY,498.62117647058824
