cust,sum_1_quant,count_1,avg_1_quant,min_1_quant,max_1_quant
Dan,578913,1139,508.2642669007902,1,1000
Claire,546718,1084,504.35239852398524,4,1000
Chae,549046,1097,500.4977210574294,1,999
Mia,555611,1110,500.55045045045046,1,999
Sam,569440,1114,511.1669658886894,1,1000
Wally,574887,1110,517.9162162162162,1,1000
Helen,555765,1106,502.5,1,1000
Emily,529730,1123,471.7097061442565,2,999
Boo,544544,1117,487.50581915846016,1,1000
